Chr,Band,NCI,UCSC
10,10p11.1,NCI,UCSC
10,10p11.2,NCI,
10,10p11.21,NCI,UCSC
10,10p11.22,,UCSC
10,10p11.23,NCI,UCSC
10,10p12,NCI,
10,10p12.1,NCI,UCSC
10,10p12.2,,UCSC
10,10p12.3-p11.2,NCI,
10,10p12.31,NCI,UCSC
10,10p12.32,,UCSC
10,10p12.33,,UCSC
10,10p13,NCI,UCSC
10,10p14,,UCSC
10,10p15-p14,NCI,
10,10p15.1,NCI,UCSC
10,10p15.2,,UCSC
10,10p15.3,,UCSC
10,10q11,NCI,
10,10q11-p12,NCI,
10,10q11-q12,NCI,
10,10q11.1,NCI,UCSC
10,10q11.2,NCI,
10,10q11.2-q21,NCI,
10,10q11.21,NCI,UCSC
10,10q11.22,,UCSC
10,10q11.23,,UCSC
10,10q21,NCI,
10,10q21-q22,NCI,
10,10q21.1,NCI,UCSC
10,10q21.2,,UCSC
10,10q21.3,,UCSC
10,10q22,NCI,
10,10q22-q23,NCI,
10,10q22.1,,UCSC
10,10q22.1-q23,NCI,
10,10q22.2,,UCSC
10,10q22.3,NCI,UCSC
10,10q23-q24,NCI,
10,10q23.1,,UCSC
10,10q23.2,NCI,UCSC
10,10q23.2-q23.3,NCI,
10,10q23.2-q23.33,NCI,
10,10q23.31,NCI,UCSC
10,10q23.32,,UCSC
10,10q23.33,NCI,UCSC
10,10q24,NCI,
10,10q24-q25,NCI,
10,10q24-q25.2,NCI,
10,10q24-q26,NCI,
10,10q24-qter,NCI,
10,10q24.1,NCI,UCSC
10,10q24.1-q24.3,NCI,
10,10q24.1-q25.1,NCI,
10,10q24.2,,UCSC
10,10q24.3,NCI,
10,10q24.3-10qter,NCI,
10,10q24.31,NCI,UCSC
10,10q24.32,NCI,UCSC
10,10q24.33,,UCSC
10,10q25,NCI,
10,10q25-qter,NCI,
10,10q25.1,NCI,UCSC
10,10q25.2,,UCSC
10,10q25.3,NCI,UCSC
10,10q25.3-q26.1,NCI,
10,10q26,NCI,
10,10q26.11,,UCSC
10,10q26.12,,UCSC
10,10q26.13,NCI,UCSC
10,10q26.13-q26.3,NCI,
10,10q26.2,NCI,UCSC
10,10q26.3,,UCSC
11,11p11.11,,UCSC
11,11p11.12,,UCSC
11,11p11.2,NCI,UCSC
11,11p11.2-p11.1,NCI,
11,11p12,NCI,UCSC
11,11p12-p11,NCI,
11,11p12-p11.2,NCI,
11,11p12-p11.22,NCI,
11,11p13,NCI,UCSC
11,11p13-p12,NCI,
11,11p14.1,,UCSC
11,11p14.2,,UCSC
11,11p14.3,NCI,UCSC
11,11p14.3-p15.2,NCI,
11,11p15,NCI,
11,11p15.1,NCI,UCSC
11,11p15.1-p14,NCI,
11,11p15.2,NCI,UCSC
11,11p15.2-p14.3,NCI,
11,11p15.2-p15.1,NCI,
11,11p15.3,NCI,UCSC
11,11p15.3-p15.1,NCI,
11,11p15.4,NCI,UCSC
11,11p15.5,NCI,UCSC
11,11p15.5-p15.4,NCI,
11,11pter-p13,NCI,
11,11q11,,UCSC
11,11q12,NCI,
11,11q12-q13,NCI,
11,11q12.1,NCI,UCSC
11,11q12.2,NCI,UCSC
11,11q12.3,NCI,UCSC
11,11q13,NCI,
11,11q13-q14,NCI,
11,11q13.1,NCI,UCSC
11,11q13.1-q13.2,NCI,
11,11q13.2,NCI,UCSC
11,11q13.3,NCI,UCSC
11,11q13.3-q13.5,NCI,
11,11q13.3-q14.1,NCI,
11,11q13.4,NCI,UCSC
11,11q13.5,NCI,UCSC
11,11q14,NCI,
11,11q14-q21,NCI,
11,11q14.1,NCI,UCSC
11,11q14.2,NCI,UCSC
11,11q14.2-q14.3,NCI,
11,11q14.2-q22.3,NCI,
11,11q14.3,,UCSC
11,11q21,,UCSC
11,11q21-q22,NCI,
11,11q22,NCI,
11,11q22-q23,NCI,
11,11q22.1,,UCSC
11,11q22.2,,UCSC
11,11q22.2-q22.3,NCI,
11,11q22.3,NCI,UCSC
11,11q23,NCI,
11,11q23-q24,NCI,
11,11q23.1,NCI,UCSC
11,11q23.1-q23.2,NCI,
11,11q23.1-q23.3,NCI,
11,11q23.2,,UCSC
11,11q23.2-q23.3,NCI,
11,11q23.3,NCI,UCSC
11,11q24,NCI,
11,11q24-q24,NCI,
11,11q24-q25,NCI,
11,11q24.1,NCI,UCSC
11,11q24.1-q24.3,NCI,
11,11q24.2,,UCSC
11,11q24.3,,UCSC
11,11q25,,UCSC
12,12p11.1,NCI,UCSC
12,12p11.2,NCI,
12,12p11.21,,UCSC
12,12p11.22,,UCSC
12,12p11.23,,UCSC
12,12p12,NCI,
12,12p12.1,NCI,UCSC
12,12p12.1-p11.2,NCI,
12,12p12.2,,UCSC
12,12p12.3,NCI,UCSC
12,12p13,NCI,
12,12p13-p12,NCI,
12,12p13-p12.3,NCI,
12,12p13.1,,UCSC
12,12p13.1-p12,NCI,
12,12p13.1-p12.3,NCI,
12,12p13.11,NCI,
12,12p13.2,NCI,UCSC
12,12p13.2-p12.3,NCI,
12,12p13.3,NCI,
12,12p13.31,NCI,UCSC
12,12p13.32,NCI,UCSC
12,12p13.33,,UCSC
12,12pter-p12,NCI,
12,12q11,,UCSC
12,12q11-q13,NCI,
12,12q11-q14,NCI,
12,12q12,NCI,UCSC
12,12q12-12q14,NCI,
12,12q12-q13,NCI,
12,12q12-q14,NCI,
12,12q13,NCI,
12,12q13-q14,NCI,
12,12q13-q15,NCI,
12,12q13.1,NCI,
12,12q13.1-q13.3,NCI,
12,12q13.11,,UCSC
12,12q13.12,,UCSC
12,12q13.13,NCI,UCSC
12,12q13.2,,UCSC
12,12q13.2-q13.3,NCI,
12,12q13.3,NCI,UCSC
12,12q14,NCI,
12,12q14-q15,NCI,
12,12q14.1,NCI,UCSC
12,12q14.2,,UCSC
12,12q14.3,NCI,UCSC
12,12q14.3-q15,NCI,
12,12q15,NCI,UCSC
12,12q21,NCI,
12,12q21.1,,UCSC
12,12q21.2,,UCSC
12,12q21.31,,UCSC
12,12q21.32,,UCSC
12,12q21.33,,UCSC
12,12q22,NCI,UCSC
12,12q22-q23,NCI,
12,12q23,NCI,
12,12q23-q24,NCI,
12,12q23-q24.1,NCI,
12,12q23.1,NCI,UCSC
12,12q23.2,,UCSC
12,12q23.3,,UCSC
12,12q24,NCI,
12,12q24.1,NCI,
12,12q24.11,NCI,UCSC
12,12q24.12,,UCSC
12,12q24.13,NCI,UCSC
12,12q24.2,NCI,
12,12q24.2-q24.31,NCI,
12,12q24.21,NCI,UCSC
12,12q24.22,,UCSC
12,12q24.23,,UCSC
12,12q24.3,NCI,
12,12q24.31,NCI,UCSC
12,12q24.32,,UCSC
12,12q24.33,,UCSC
13,13p11.1,,UCSC
13,13p11.2,,UCSC
13,13p12,NCI,UCSC
13,13p13,,UCSC
13,13q11,,UCSC
13,13q11-q12,NCI,
13,13q12,NCI,
13,13q12-13,NCI,
13,13q12-q13,NCI,
13,13q12.11,,UCSC
13,13q12.12,,UCSC
13,13q12.13,,UCSC
13,13q12.2,,UCSC
13,13q12.3,NCI,UCSC
13,13q13.1,,UCSC
13,13q13.2,,UCSC
13,13q13.3,NCI,UCSC
13,13q14,NCI,
13,13q14-q21,NCI,
13,13q14.1,NCI,
13,13q14.1-q14.2,NCI,
13,13q14.11,,UCSC
13,13q14.12,,UCSC
13,13q14.12-q14.2,NCI,
13,13q14.13,,UCSC
13,13q14.2,NCI,UCSC
13,13q14.2-q14.3,NCI,
13,13q14.3,NCI,UCSC
13,13q21,NCI,
13,13q21.1,,UCSC
13,13q21.2,,UCSC
13,13q21.31,,UCSC
13,13q21.32,,UCSC
13,13q21.33,,UCSC
13,13q22-q34,NCI,
13,13q22.1,,UCSC
13,13q22.2,,UCSC
13,13q22.3,,UCSC
13,13q31.1,,UCSC
13,13q31.2,,UCSC
13,13q31.3,NCI,UCSC
13,13q32,NCI,
13,13q32.1,,UCSC
13,13q32.2,,UCSC
13,13q32.3,,UCSC
13,13q33,NCI,
13,13q33.1,,UCSC
13,13q33.2,,UCSC
13,13q33.3,,UCSC
13,13q34,NCI,UCSC
14,14p11.1,,UCSC
14,14p11.2,,UCSC
14,14p12,,UCSC
14,14p13,,UCSC
14,14q11,NCI,
14,14q11-q12,NCI,
14,14q11.1,,UCSC
14,14q11.1-q11.2,NCI,
14,14q11.2,NCI,UCSC
14,14q11.2-q12,NCI,
14,14q12,NCI,UCSC
14,14q13,NCI,
14,14q13.1,NCI,UCSC
14,14q13.2,NCI,UCSC
14,14q13.3,NCI,UCSC
14,14q21-q22,NCI,
14,14q21-q24,NCI,
14,14q21.1,,UCSC
14,14q21.2,,UCSC
14,14q21.3,NCI,UCSC
14,14q22,NCI,
14,14q22.1,,UCSC
14,14q22.2,,UCSC
14,14q22.3,,UCSC
14,14q23,NCI,
14,14q23-q24,NCI,
14,14q23-q24.1,NCI,
14,14q23.1,NCI,UCSC
14,14q23.2,,UCSC
14,14q23.3,,UCSC
14,14q24,NCI,
14,14q24-q31,NCI,
14,14q24.1,NCI,UCSC
14,14q24.2,,UCSC
14,14q24.3,NCI,UCSC
14,14q24.3-q31,NCI,
14,14q31,NCI,
14,14q31-q32.1,NCI,
14,14q31.1,NCI,UCSC
14,14q31.2,,UCSC
14,14q31.3,,UCSC
14,14q32,NCI,
14,14q32.1,NCI,
14,14q32.1-q32.2,NCI,
14,14q32.11,,UCSC
14,14q32.12,,UCSC
14,14q32.13,,UCSC
14,14q32.2,NCI,UCSC
14,14q32.3,NCI,
14,14q32.31,NCI,UCSC
14,14q32.32,,UCSC
14,14q32.33,NCI,UCSC
15,15p11.1,,UCSC
15,15p11.2,,UCSC
15,15p12,,UCSC
15,15p13,,UCSC
15,15q11-q13,NCI,
15,15q11.1,,UCSC
15,15q11.2,NCI,UCSC
15,15q11.2-q21.3,NCI,
15,15q12,,UCSC
15,15q13.1,,UCSC
15,15q13.2,,UCSC
15,15q13.3,,UCSC
15,15q14,NCI,UCSC
15,15q15,NCI,
15,15q15-q21.1,NCI,
15,15q15.1,,UCSC
15,15q15.1-q21.1,NCI,
15,15q15.2,NCI,UCSC
15,15q15.3,NCI,UCSC
15,15q21,NCI,
15,15q21-q22,NCI,
15,15q21.1,NCI,UCSC
15,15q21.1-q21.2,NCI,
15,15q21.2,NCI,UCSC
15,15q21.3,,UCSC
15,15q22,NCI,
15,15q22-q24,NCI,
15,15q22-qter,NCI,
15,15q22.1,,UCSC
15,15q22.1-q22.33,NCI,
15,15q22.2,NCI,UCSC
15,15q22.3-q23,NCI,
15,15q22.31,,UCSC
15,15q22.32,,UCSC
15,15q22.33,NCI,UCSC
15,15q23,NCI,UCSC
15,15q23-15q24,NCI,
15,15q23-q24,NCI,
15,15q23-q25,NCI,
15,15q24,NCI,
15,15q24-q25,NCI,
15,15q24.1,,UCSC
15,15q24.2,,UCSC
15,15q24.3,,UCSC
15,15q25,NCI,
15,15q25-q26,NCI,
15,15q25.1,NCI,UCSC
15,15q25.2,,UCSC
15,15q25.3,,UCSC
15,15q26,NCI,
15,15q26.1,NCI,UCSC
15,15q26.2,,UCSC
15,15q26.3,NCI,UCSC
16,16p11,NCI,
16,16p11.1,,UCSC
16,16p11.2,NCI,UCSC
16,16p11.2-12.1,NCI,
16,16p11.2-p11.1,NCI,
16,16p12,NCI,
16,16p12-p11.2,NCI,
16,16p12.1,NCI,UCSC
16,16p12.2,,UCSC
16,16p12.3,NCI,UCSC
16,16p13.1,NCI,
16,16p13.11,,UCSC
16,16p13.12,NCI,UCSC
16,16p13.13,,UCSC
16,16p13.13-p13.12,NCI,
16,16p13.2,,UCSC
16,16p13.3,NCI,UCSC
16,16p13.3-p13.11,NCI,
16,16q11.1,,UCSC
16,16q11.2,,UCSC
16,16q12,NCI,
16,16q12.1,NCI,UCSC
16,16q12.2,NCI,UCSC
16,16q13,NCI,UCSC
16,16q13-q21,NCI,
16,16q2,NCI,
16,16q21,NCI,UCSC
16,16q21-q22.3,NCI,
16,16q22,NCI,
16,16q22-q23,NCI,
16,16q22-q23.1,NCI,
16,16q22.1,NCI,UCSC
16,16q22.2,NCI,UCSC
16,16q22.2-q22.3,NCI,
16,16q22.3,,UCSC
16,16q23,NCI,
16,16q23.1,NCI,UCSC
16,16q23.2,,UCSC
16,16q23.3,,UCSC
16,16q24,NCI,
16,16q24.1,NCI,UCSC
16,16q24.1-q24.2,NCI,
16,16q24.2,,UCSC
16,16q24.2-q24.3,NCI,
16,16q24.3,NCI,UCSC
17,17p11.1,NCI,UCSC
17,17p11.2,NCI,UCSC
17,17p12,NCI,UCSC
17,17p12-17p11.2,NCI,
17,17p12-p11.2,NCI,
17,17p13,NCI,
17,17p13-p12,NCI,
17,17p13.1,NCI,UCSC
17,17p13.1-q25,NCI,
17,17p13.2,NCI,UCSC
17,17p13.3,NCI,UCSC
17,17pter-q21,NCI,
17,17q11,NCI,
17,17q11-q12,NCI,
17,17q11-q21,NCI,
17,17q11-q21.3,NCI,
17,17q11-qter,NCI,
17,17q11.1,NCI,UCSC
17,17q11.2,NCI,UCSC
17,17q11.2-q12,NCI,
17,17q11.2-q21.1,NCI,
17,17q12,NCI,UCSC
17,17q12-q21,NCI,
17,17q12-q21.1,NCI,
17,17q13,NCI,
17,17q21,NCI,
17,17q21-q22,NCI,
17,17q21-q23,NCI,
17,17q21.1,NCI,UCSC
17,17q21.1-q21.2,NCI,
17,17q21.1-q21.3,NCI,
17,17q21.2,NCI,UCSC
17,17q21.3,NCI,
17,17q21.3-q22.1,NCI,
17,17q21.31,NCI,UCSC
17,17q21.32,NCI,UCSC
17,17q21.33,,UCSC
17,17q22,,UCSC
17,17q22-q23,NCI,
17,17q22-q23.2,NCI,
17,17q22-qter,NCI,
17,17q23,NCI,
17,17q23-q24,NCI,
17,17q23-q25,NCI,
17,17q23.1,NCI,UCSC
17,17q23.2,,UCSC
17,17q23.2-q25.3,NCI,
17,17q23.3,,UCSC
17,17q24,NCI,
17,17q24-q25,NCI,
17,17q24.1,,UCSC
17,17q24.2,NCI,UCSC
17,17q24.3,NCI,UCSC
17,17q24.3-q25.1,NCI,
17,17q25,NCI,
17,17q25.1,NCI,UCSC
17,17q25.2,,UCSC
17,17q25.2-q25.3,NCI,
17,17q25.3,NCI,UCSC
18,18p11.1,,UCSC
18,18p11.21,,UCSC
18,18p11.22,,UCSC
18,18p11.23,,UCSC
18,18p11.3,NCI,
18,18p11.31,,UCSC
18,18p11.31-p11.21,NCI,
18,18p11.32,NCI,UCSC
18,18q11.1,NCI,UCSC
18,18q11.2,NCI,UCSC
18,18q12-q21,NCI,
18,18q12.1,,UCSC
18,18q12.2,,UCSC
18,18q12.3,,UCSC
18,18q21.1,NCI,UCSC
18,18q21.1-q21.32,NCI,
18,18q21.2,,UCSC
18,18q21.3,NCI,
18,18q21.31,NCI,UCSC
18,18q21.32,NCI,UCSC
18,18q21.33,,UCSC
18,18q22.1,NCI,UCSC
18,18q22.2,,UCSC
18,18q22.3,,UCSC
18,18q23,,UCSC
19,19p11,,UCSC
19,19p12,,UCSC
19,19p13,NCI,
19,19p13.1,NCI,
19,19p13.1-13.2,NCI,
19,19p13.1-p12,NCI,
19,19p13.1-p13.2,NCI,
19,19p13.11,NCI,UCSC
19,19p13.12,NCI,UCSC
19,19p13.13,,UCSC
19,19p13.2,NCI,UCSC
19,19p13.2-p12,NCI,
19,19p13.2-p13.1,NCI,
19,19p13.3,NCI,UCSC
19,19p13.3-p13.2,NCI,
19,19pter-q12,NCI,
19,19q11,,UCSC
19,19q12,NCI,UCSC
19,19q13,NCI,
19,19q13.1,NCI,
19,19q13.1-q13.2,NCI,
19,19q13.1-qter,NCI,
19,19q13.11,,UCSC
19,19q13.12,,UCSC
19,19q13.13,NCI,UCSC
19,19q13.2,NCI,UCSC
19,19q13.2-q13.3,NCI,
19,19q13.3,NCI,
19,19q13.3-q13.4,NCI,
19,19q13.31,NCI,UCSC
19,19q13.32,NCI,UCSC
19,19q13.33,NCI,UCSC
19,19q13.4,NCI,
19,19q13.41,NCI,UCSC
19,19q13.42,NCI,UCSC
19,19q13.43,,UCSC
1,1p11.1,,UCSC
1,1p11.2,,UCSC
1,1p12,,UCSC
1,1p13,NCI,
1,1p13.1,NCI,UCSC
1,1p13.2,NCI,UCSC
1,1p13.3,NCI,UCSC
1,1p13.3-p13.1,NCI,
1,1p21,NCI,
1,1p21-p13,NCI,
1,1p21-p13.3,NCI,
1,1p21.1,,UCSC
1,1p21.2,,UCSC
1,1p21.3,NCI,UCSC
1,1p22,NCI,
1,1p22-p21,NCI,
1,1p22.1,NCI,UCSC
1,1p22.2,,UCSC
1,1p22.3,,UCSC
1,1p31,NCI,
1,1p31-p22,NCI,
1,1p31.1,NCI,UCSC
1,1p31.2,,UCSC
1,1p31.2-p31.1,NCI,
1,1p31.3,NCI,UCSC
1,1p31.3-p31.2,NCI,
1,1p32,NCI,
1,1p32-p31,NCI,
1,1p32-q12,NCI,
1,1p32.1,,UCSC
1,1p32.2,,UCSC
1,1p32.3,NCI,UCSC
1,1p32.3-p31.3,NCI,
1,1p33,NCI,UCSC
1,1p33-p31,NCI,
1,1p33-p32,NCI,
1,1p33-p34,NCI,
1,1p34,NCI,
1,1p34-p33,NCI,
1,1p34.1,NCI,UCSC
1,1p34.2,,UCSC
1,1p34.3,NCI,UCSC
1,1p34.3-p32.1,NCI,
1,1p35,NCI,
1,1p35-p31.3,NCI,
1,1p35-p32,NCI,
1,1p35-p34.2,NCI,
1,1p35-p34.3,NCI,
1,1p35.1,,UCSC
1,1p35.1-p36.23,NCI,
1,1p35.2,NCI,UCSC
1,1p35.3,NCI,UCSC
1,1p36,NCI,
1,1p36.1,NCI,
1,1p36.1-p35,NCI,
1,1p36.11,NCI,UCSC
1,1p36.12,NCI,UCSC
1,1p36.13,,UCSC
1,1p36.13-p36.11,NCI,
1,1p36.2,NCI,
1,1p36.2-p36.1,NCI,
1,1p36.2-p36.12,NCI,
1,1p36.21,,UCSC
1,1p36.22,,UCSC
1,1p36.23,,UCSC
1,1p36.23-p35.1,NCI,
1,1p36.3,NCI,
1,1p36.3-p36.1,NCI,
1,1p36.3-p36.2,NCI,
1,1p36.31,,UCSC
1,1p36.32,,UCSC
1,1p36.33,NCI,UCSC
1,1pter-p22.1,NCI,
1,1q11,,UCSC
1,1q12,,UCSC
1,1q12-q23,NCI,
1,1q21,NCI,
1,1q21-q22,NCI,
1,1q21-q23,NCI,
1,1q21.1,,UCSC
1,1q21.2,,UCSC
1,1q21.3,NCI,UCSC
1,1q22,NCI,UCSC
1,1q22-q23,NCI,
1,1q22-q24,NCI,
1,1q22-q25,NCI,
1,1q23,NCI,
1,1q23-q25,NCI,
1,1q23-q31,NCI,
1,1q23.1,,UCSC
1,1q23.2,NCI,UCSC
1,1q23.3,NCI,UCSC
1,1q24-q25,NCI,
1,1q24.1,,UCSC
1,1q24.2,NCI,UCSC
1,1q24.3,NCI,UCSC
1,1q25,NCI,
1,1q25-q31.1,NCI,
1,1q25.1,,UCSC
1,1q25.2,NCI,UCSC
1,1q25.2-q25.3,NCI,
1,1q25.3,,UCSC
1,1q31,NCI,
1,1q31-q32,NCI,
1,1q31.1,,UCSC
1,1q31.2,,UCSC
1,1q31.3,NCI,UCSC
1,1q32,NCI,
1,1q32-q41,NCI,
1,1q32.1,NCI,UCSC
1,1q32.2,NCI,UCSC
1,1q32.3,,UCSC
1,1q41,NCI,UCSC
1,1q41-q42,NCI,
1,1q41-q44,NCI,
1,1q42,NCI,
1,1q42-q43,NCI,
1,1q42.1,NCI,
1,1q42.1-q42.2,NCI,
1,1q42.1-q43,NCI,
1,1q42.11,,UCSC
1,1q42.12,,UCSC
1,1q42.13,,UCSC
1,1q42.2,,UCSC
1,1q42.3,,UCSC
1,1q43,NCI,UCSC
1,1q43-q44,NCI,
1,1q44,NCI,UCSC
20,20p11,NCI,
20,20p11.1,,UCSC
20,20p11.2,NCI,
20,20p11.21,,UCSC
20,20p11.22,,UCSC
20,20p11.23,,UCSC
20,20p12,NCI,
20,20p12.1,,UCSC
20,20p12.2,,UCSC
20,20p12.3,,UCSC
20,20p13,NCI,UCSC
20,20pter-p12,NCI,
20,20pter-q12,NCI,
20,20q11,NCI,
20,20q11-q12,NCI,
20,20q11.1,NCI,UCSC
20,20q11.1-11.23,NCI,
20,20q11.2,NCI,
20,20q11.2-q13.1,NCI,
20,20q11.21,,UCSC
20,20q11.22,NCI,UCSC
20,20q11.23,,UCSC
20,20q12,NCI,UCSC
20,20q12-q13,NCI,
20,20q12-q13.1,NCI,
20,20q12-q13.11,NCI,
20,20q12-q13.12,NCI,
20,20q12-q13.2,NCI,
20,20q13,NCI,
20,20q13.1,NCI,
20,20q13.1-q13.2,NCI,
20,20q13.11,,UCSC
20,20q13.12,,UCSC
20,20q13.13,NCI,UCSC
20,20q13.2,NCI,UCSC
20,20q13.2-q13.3,NCI,
20,20q13.3,NCI,
20,20q13.31,,UCSC
20,20q13.32,NCI,UCSC
20,20q13.33,NCI,UCSC
21,21p11.1,,UCSC
21,21p11.2,,UCSC
21,21p12,,UCSC
21,21p13,,UCSC
21,21q11.1,,UCSC
21,21q11.2,NCI,UCSC
21,21q21.1,NCI,UCSC
21,21q21.2,NCI,UCSC
21,21q21.3,NCI,UCSC
21,21q22.1,NCI,
21,21q22.11,NCI,UCSC
21,21q22.12,,UCSC
21,21q22.13,,UCSC
21,21q22.2,NCI,UCSC
21,21q22.3,NCI,UCSC
22,22p11.1,,UCSC
22,22p11.2,,UCSC
22,22p12,,UCSC
22,22p13,,UCSC
22,22q11,NCI,
22,22q11-q13,NCI,
22,22q11.1,,UCSC
22,22q11.1-q11.2,NCI,
22,22q11.2,NCI,
22,22q11.21,NCI,UCSC
22,22q11.22,NCI,UCSC
22,22q11.23,NCI,UCSC
22,22q12,NCI,
22,22q12.1,NCI,UCSC
22,22q12.1-q13.2,NCI,
22,22q12.2,NCI,UCSC
22,22q12.3,,UCSC
22,22q12.3-q13.1,NCI,
22,22q13,NCI,
22,22q13.1,NCI,UCSC
22,22q13.1-q13.2,NCI,
22,22q13.2,NCI,UCSC
22,22q13.2-q13.31,NCI,
22,22q13.3,NCI,
22,22q13.31,NCI,UCSC
22,22q13.32,,UCSC
22,22q13.33,NCI,UCSC
2,2cen-q13,NCI,
2,2p11,NCI,
2,2p11.1,,UCSC
2,2p11.2,,UCSC
2,2p12,NCI,UCSC
2,2p12-p13,NCI,
2,2p13,NCI,
2,2p13-p12,NCI,
2,2p13-q13,NCI,
2,2p13.1,NCI,UCSC
2,2p13.2,NCI,UCSC
2,2p13.3,,UCSC
2,2p14,,UCSC
2,2p14-p13,NCI,
2,2p14.1,NCI,
2,2p15,NCI,UCSC
2,2p16,NCI,
2,2p16-p21,NCI,
2,2p16.1,NCI,UCSC
2,2p16.2,,UCSC
2,2p16.3,NCI,UCSC
2,2p21,NCI,UCSC
2,2p22-p21,NCI,
2,2p22.1,,UCSC
2,2p22.2,,UCSC
2,2p22.3,,UCSC
2,2p22.3-p21,NCI,
2,2p23,NCI,
2,2p23-p22,NCI,
2,2p23.1,,UCSC
2,2p23.2,,UCSC
2,2p23.3,NCI,UCSC
2,2p23.3-p23.2,NCI,
2,2p24,NCI,
2,2p24.1,NCI,UCSC
2,2p24.2,,UCSC
2,2p24.3,,UCSC
2,2p24.3-q21.3,NCI,
2,2p25,NCI,
2,2p25-p24,NCI,
2,2p25.1,NCI,UCSC
2,2p25.2,,UCSC
2,2p25.3,NCI,UCSC
2,2pter-p12,NCI,
2,2q11.1,,UCSC
2,2q11.2,,UCSC
2,2q11.2-q12,NCI,
2,2q12,NCI,
2,2q12-q14,NCI,
2,2q12-q22,NCI,
2,2q12.1,,UCSC
2,2q12.2,NCI,UCSC
2,2q12.3,NCI,UCSC
2,2q13,,UCSC
2,2q14,NCI,
2,2q14.1,NCI,UCSC
2,2q14.2,,UCSC
2,2q14.3,,UCSC
2,2q21,NCI,
2,2q21-q22,NCI,
2,2q21.1,NCI,UCSC
2,2q21.2,,UCSC
2,2q21.3,NCI,UCSC
2,2q22,NCI,
2,2q22-q23,NCI,
2,2q22-q24,NCI,
2,2q22.1,,UCSC
2,2q22.2,,UCSC
2,2q22.2-q23.3,NCI,
2,2q22.3,,UCSC
2,2q23,NCI,
2,2q23-q24,NCI,
2,2q23.1,,UCSC
2,2q23.2,,UCSC
2,2q23.3,,UCSC
2,2q24.1,,UCSC
2,2q24.2,,UCSC
2,2q24.3,,UCSC
2,2q31,NCI,
2,2q31-q32,NCI,
2,2q31-q33,NCI,
2,2q31.1,NCI,UCSC
2,2q31.2,NCI,UCSC
2,2q31.2-q33.1,NCI,
2,2q31.3,,UCSC
2,2q32,NCI,
2,2q32.1,,UCSC
2,2q32.2,NCI,UCSC
2,2q32.2-q32.3,NCI,
2,2q32.3,,UCSC
2,2q33,NCI,
2,2q33-q34,NCI,
2,2q33-q36,NCI,
2,2q33-q37,NCI,
2,2q33.1,NCI,UCSC
2,2q33.2,,UCSC
2,2q33.3,,UCSC
2,2q33.3-q34,NCI,
2,2q34,NCI,UCSC
2,2q34-q35,NCI,
2,2q35,NCI,UCSC
2,2q35-q36,NCI,
2,2q35-q37,NCI,
2,2q36,NCI,
2,2q36-q37,NCI,
2,2q36.1,NCI,UCSC
2,2q36.2,,UCSC
2,2q36.3,NCI,UCSC
2,2q37,NCI,
2,2q37.1,NCI,UCSC
2,2q37.2,NCI,UCSC
2,2q37.3,,UCSC
3,3p11.1,,UCSC
3,3p11.2,NCI,UCSC
3,3p12-q13.2,NCI,
3,3p12.1,,UCSC
3,3p12.2,,UCSC
3,3p12.3,,UCSC
3,3p13,,UCSC
3,3p14,NCI,
3,3p14.1,NCI,UCSC
3,3p14.2,NCI,UCSC
3,3p14.3,,UCSC
3,3p14.3-p14.2,NCI,
3,3p21,NCI,
3,3p21-p14,NCI,
3,3p21.1,NCI,UCSC
3,3p21.2,NCI,UCSC
3,3p21.3,NCI,
3,3p21.3-p21.1,NCI,
3,3p21.3-p21.2,NCI,
3,3p21.31,NCI,UCSC
3,3p21.32,,UCSC
3,3p21.33,NCI,UCSC
3,3p22,NCI,
3,3p22-p21.3,NCI,
3,3p22.1,,UCSC
3,3p22.2,NCI,UCSC
3,3p22.3,NCI,UCSC
3,3p23,,UCSC
3,3p23-p21,NCI,
3,3p24,NCI,
3,3p24.1,,UCSC
3,3p24.1-p22,NCI,
3,3p24.2,,UCSC
3,3p24.3,NCI,UCSC
3,3p25,NCI,
3,3p25.1,,UCSC
3,3p25.2,,UCSC
3,3p25.3,NCI,UCSC
3,3p26-p24,NCI,
3,3p26-p25,NCI,
3,3p26.1,,UCSC
3,3p26.2,NCI,UCSC
3,3p26.3,,UCSC
3,3q11.1,,UCSC
3,3q11.2,,UCSC
3,3q12.1,,UCSC
3,3q12.2,,UCSC
3,3q12.3,,UCSC
3,3q13,NCI,
3,3q13.1-q13.2,NCI,
3,3q13.11,,UCSC
3,3q13.12,NCI,UCSC
3,3q13.13,,UCSC
3,3q13.2,NCI,UCSC
3,3q13.3-q21,NCI,
3,3q13.31,NCI,UCSC
3,3q13.32,,UCSC
3,3q13.33,NCI,UCSC
3,3q21,NCI,
3,3q21-q23,NCI,
3,3q21-q24,NCI,
3,3q21-q25,NCI,
3,3q21-q28,NCI,
3,3q21-qter,NCI,
3,3q21.1,,UCSC
3,3q21.2,NCI,UCSC
3,3q21.3,,UCSC
3,3q22,NCI,
3,3q22-q24,NCI,
3,3q22.1,NCI,UCSC
3,3q22.2,NCI,UCSC
3,3q22.3,NCI,UCSC
3,3q23,NCI,UCSC
3,3q23-q24,NCI,
3,3q24,NCI,UCSC
3,3q24-q28,NCI,
3,3q25.1,,UCSC
3,3q25.1-q25.2,NCI,
3,3q25.1-q26.1,NCI,
3,3q25.2,,UCSC
3,3q25.31,,UCSC
3,3q25.32,,UCSC
3,3q25.33,,UCSC
3,3q26,NCI,
3,3q26.1,NCI,UCSC
3,3q26.1-q26.2,NCI,
3,3q26.2,,UCSC
3,3q26.2-qter,NCI,
3,3q26.3,NCI,
3,3q26.3-q27,NCI,
3,3q26.31,,UCSC
3,3q26.32,,UCSC
3,3q26.33,,UCSC
3,3q27,NCI,
3,3q27.1,NCI,UCSC
3,3q27.2,,UCSC
3,3q27.3,NCI,UCSC
3,3q28,NCI,UCSC
3,3q29,NCI,UCSC
4,4p11,,UCSC
4,4p12,NCI,UCSC
4,4p13,NCI,UCSC
4,4p14,NCI,UCSC
4,4p14-q21,NCI,
4,4p15.1,NCI,UCSC
4,4p15.2,,UCSC
4,4p15.31,NCI,UCSC
4,4p15.32,NCI,UCSC
4,4p15.33,,UCSC
4,4p16,NCI,
4,4p16.1,NCI,UCSC
4,4p16.2,,UCSC
4,4p16.3,NCI,UCSC
4,4p16.3-p16.1,NCI,
4,4q11,NCI,UCSC
4,4q11-q12,NCI,
4,4q11-q13,NCI,
4,4q12,NCI,UCSC
4,4q12-q13,NCI,
4,4q12-q21,NCI,
4,4q13-q21,NCI,
4,4q13.1,NCI,UCSC
4,4q13.1-q21.1,NCI,
4,4q13.2,,UCSC
4,4q13.3,NCI,UCSC
4,4q13.3-q21.1,NCI,
4,4q21,NCI,
4,4q21-q24,NCI,
4,4q21.1,NCI,UCSC
4,4q21.2,NCI,
4,4q21.21,,UCSC
4,4q21.22,,UCSC
4,4q21.23,,UCSC
4,4q21.3,NCI,UCSC
4,4q22,NCI,
4,4q22.1,,UCSC
4,4q22.1-q23,NCI,
4,4q22.2,,UCSC
4,4q22.3,,UCSC
4,4q23,,UCSC
4,4q24,,UCSC
4,4q25,NCI,UCSC
4,4q25-q27,NCI,
4,4q25-q31,NCI,
4,4q26,,UCSC
4,4q26-q27,NCI,
4,4q26-q32,NCI,
4,4q27,,UCSC
4,4q28,NCI,
4,4q28-q31,NCI,
4,4q28-q32,NCI,
4,4q28.1,,UCSC
4,4q28.2,,UCSC
4,4q28.2-q31.1,NCI,
4,4q28.3,,UCSC
4,4q31,NCI,
4,4q31-q32,NCI,
4,4q31.1,NCI,UCSC
4,4q31.1-q31.2,NCI,
4,4q31.2,NCI,
4,4q31.21,,UCSC
4,4q31.22,,UCSC
4,4q31.23,NCI,UCSC
4,4q31.3,,UCSC
4,4q31.3-q33,NCI,
4,4q32,NCI,
4,4q32.1,,UCSC
4,4q32.2,NCI,UCSC
4,4q32.3,,UCSC
4,4q33,,UCSC
4,4q34,NCI,
4,4q34-q35,NCI,
4,4q34.1,,UCSC
4,4q34.1-q34.3,NCI,
4,4q34.1-q35.1,NCI,
4,4q34.2,,UCSC
4,4q34.3,,UCSC
4,4q35,NCI,
4,4q35.1,NCI,UCSC
4,4q35.2,,UCSC
5,5p11,,UCSC
5,5p12,,UCSC
5,5p13,NCI,
5,5p13-p11,NCI,
5,5p13-p12,NCI,
5,5p13.1,NCI,UCSC
5,5p13.1-p12,NCI,
5,5p13.2,NCI,UCSC
5,5p13.3,NCI,UCSC
5,5p14-p13,NCI,
5,5p14.1,,UCSC
5,5p14.2,,UCSC
5,5p14.3,,UCSC
5,5p15,NCI,
5,5p15.1,,UCSC
5,5p15.1-p14,NCI,
5,5p15.2,,UCSC
5,5p15.31,,UCSC
5,5p15.32,,UCSC
5,5p15.33,NCI,UCSC
5,5q11,NCI,
5,5q11-q12,NCI,
5,5q11.1,,UCSC
5,5q11.2,NCI,UCSC
5,5q11.2-q13.1,NCI,
5,5q11.2-q13.2,NCI,
5,5q12,NCI,
5,5q12-q13,NCI,
5,5q12.1,,UCSC
5,5q12.1-q13.2,NCI,
5,5q12.2,NCI,UCSC
5,5q12.2-q13.3,NCI,
5,5q12.3,NCI,UCSC
5,5q13,NCI,
5,5q13-q14,NCI,
5,5q13.1,NCI,UCSC
5,5q13.2,,UCSC
5,5q13.3,,UCSC
5,5q14.1,,UCSC
5,5q14.2,,UCSC
5,5q14.3,NCI,UCSC
5,5q15,,UCSC
5,5q21,NCI,
5,5q21-q22,NCI,
5,5q21.1,,UCSC
5,5q21.2,,UCSC
5,5q21.3,NCI,UCSC
5,5q22.1,,UCSC
5,5q22.2,,UCSC
5,5q22.3,NCI,UCSC
5,5q23,NCI,
5,5q23-q31,NCI,
5,5q23-q32,NCI,
5,5q23-q33,NCI,
5,5q23.1,,UCSC
5,5q23.2,NCI,UCSC
5,5q23.3,,UCSC
5,5q23.3-q31.1,NCI,
5,5q31,NCI,
5,5q31-q32,NCI,
5,5q31.1,NCI,UCSC
5,5q31.1-q33.1,NCI,
5,5q31.2,,UCSC
5,5q31.3,NCI,UCSC
5,5q32,NCI,UCSC
5,5q32-33.1,NCI,
5,5q32-q34,NCI,
5,5q33-q35,NCI,
5,5q33.1,NCI,UCSC
5,5q33.1-qter,NCI,
5,5q33.2,NCI,UCSC
5,5q33.2-q33.3,NCI,
5,5q33.2-qter,NCI,
5,5q33.3,NCI,UCSC
5,5q34,NCI,UCSC
5,5q34-q35,NCI,
5,5q35,NCI,
5,5q35.1,NCI,UCSC
5,5q35.1-qter,NCI,
5,5q35.2,NCI,UCSC
5,5q35.3,NCI,UCSC
6,6p11.1,NCI,UCSC
6,6p11.2,NCI,UCSC
6,6p12,NCI,
6,6p12-p11.1,NCI,
6,6p12.1,NCI,UCSC
6,6p12.2,NCI,UCSC
6,6p12.3,,UCSC
6,6p21,NCI,
6,6p21-p12,NCI,
6,6p21.1,NCI,UCSC
6,6p21.1-p12.2,NCI,
6,6p21.1-p21.3,NCI,
6,6p21.2,NCI,UCSC
6,6p21.3,NCI,
6,6p21.3-p21.2,NCI,
6,6p21.31,NCI,UCSC
6,6p21.32,,UCSC
6,6p21.33,NCI,UCSC
6,6p22,NCI,
6,6p22.1,NCI,UCSC
6,6p22.2,,UCSC
6,6p22.2-p21.3,NCI,
6,6p22.3,NCI,UCSC
6,6p23,NCI,UCSC
6,6p24,NCI,
6,6p24-p23,NCI,
6,6p24.1,NCI,UCSC
6,6p24.2,,UCSC
6,6p24.3,NCI,UCSC
6,6p25,NCI,
6,6p25-p23,NCI,
6,6p25.1,,UCSC
6,6p25.2,,UCSC
6,6p25.3,NCI,UCSC
6,6q11-q27,NCI,
6,6q11.1,,UCSC
6,6q11.2,,UCSC
6,6q12,NCI,UCSC
6,6q13,NCI,UCSC
6,6q13-q21,NCI,
6,6q14.1,NCI,UCSC
6,6q14.2,,UCSC
6,6q14.3,NCI,UCSC
6,6q14.3-16.1,NCI,
6,6q15,,UCSC
6,6q16.1,,UCSC
6,6q16.1-q16.3,NCI,
6,6q16.2,,UCSC
6,6q16.3,,UCSC
6,6q16.3-q21,NCI,
6,6q21,NCI,UCSC
6,6q21-q22,NCI,
6,6q21-q22.1,NCI,
6,6q21-q22.3,NCI,
6,6q21-qter,NCI,
6,6q22,NCI,
6,6q22-q23,NCI,
6,6q22.1,,UCSC
6,6q22.1-q22.3,NCI,
6,6q22.2,,UCSC
6,6q22.31,,UCSC
6,6q22.32,,UCSC
6,6q22.33,NCI,UCSC
6,6q22.33-q24.1,NCI,
6,6q23,NCI,
6,6q23-q24,NCI,
6,6q23.1,NCI,UCSC
6,6q23.2,,UCSC
6,6q23.3,,UCSC
6,6q24,NCI,
6,6q24-q25,NCI,
6,6q24-q25.1,NCI,
6,6q24-q27,NCI,
6,6q24.1,,UCSC
6,6q24.2,,UCSC
6,6q24.3,,UCSC
6,6q25.1,NCI,UCSC
6,6q25.2,,UCSC
6,6q25.2-q26,NCI,
6,6q25.3,NCI,UCSC
6,6q26,NCI,UCSC
6,6q26-q27,NCI,
6,6q27,NCI,UCSC
7,7p11,NCI,
7,7p11.1,,UCSC
7,7p11.2,,UCSC
7,7p12,NCI,
7,7p12-p11.2,NCI,
7,7p12.1,NCI,UCSC
7,7p12.2,,UCSC
7,7p12.3,,UCSC
7,7p12.3-p12.1,NCI,
7,7p13,NCI,UCSC
7,7p13-p11.1,NCI,
7,7p13-p12,NCI,
7,7p14-p12,NCI,
7,7p14-p13,NCI,
7,7p14.1,NCI,UCSC
7,7p14.2,,UCSC
7,7p14.3,,UCSC
7,7p15,NCI,
7,7p15-p13,NCI,
7,7p15-p14,NCI,
7,7p15-p14.2,NCI,
7,7p15.1,NCI,UCSC
7,7p15.2,NCI,UCSC
7,7p15.3,,UCSC
7,7p21,NCI,
7,7p21-p15,NCI,
7,7p21.1,,UCSC
7,7p21.2,NCI,UCSC
7,7p21.3,NCI,UCSC
7,7p22,NCI,
7,7p22-p15,NCI,
7,7p22-p21,NCI,
7,7p22.1,NCI,UCSC
7,7p22.2,NCI,UCSC
7,7p22.3,,UCSC
7,7q11-q22,NCI,
7,7q11.1,NCI,UCSC
7,7q11.2,NCI,
7,7q11.21,,UCSC
7,7q11.22,,UCSC
7,7q11.23,NCI,UCSC
7,7q21,NCI,
7,7q21-q22,NCI,
7,7q21-q22.1,NCI,
7,7q21.1,NCI,
7,7q21.11,NCI,UCSC
7,7q21.12,,UCSC
7,7q21.13,,UCSC
7,7q21.2,,UCSC
7,7q21.2-q22.1,NCI,
7,7q21.3,NCI,UCSC
7,7q21.3-q22,NCI,
7,7q21.3-q22.1,NCI,
7,7q22,NCI,
7,7q22.1,NCI,UCSC
7,7q22.2,NCI,UCSC
7,7q22.3,NCI,UCSC
7,7q31,NCI,
7,7q31.1,NCI,UCSC
7,7q31.1-q31.2,NCI,
7,7q31.1-q31.3,NCI,
7,7q31.2,,UCSC
7,7q31.3,NCI,
7,7q31.3-q32,NCI,
7,7q31.31,,UCSC
7,7q31.32,,UCSC
7,7q31.33,,UCSC
7,7q32-q36,NCI,
7,7q32.1,,UCSC
7,7q32.2,NCI,UCSC
7,7q32.3,NCI,UCSC
7,7q33,,UCSC
7,7q33-q34,NCI,
7,7q33-q35,NCI,
7,7q34,NCI,UCSC
7,7q34-q35,NCI,
7,7q35,NCI,UCSC
7,7q35-q36,NCI,
7,7q36,NCI,
7,7q36.1,NCI,UCSC
7,7q36.2,,UCSC
7,7q36.3,,UCSC
8,8p11,NCI,
8,8p11.1,,UCSC
8,8p11.2,NCI,
8,8p11.2-p11.1,NCI,
8,8p11.21,NCI,UCSC
8,8p11.22,,UCSC
8,8p11.23,NCI,UCSC
8,8p12,NCI,UCSC
8,8p12-p11.2,NCI,
8,8p21,NCI,
8,8p21-p11.2,NCI,
8,8p21-p12,NCI,
8,8p21.1,NCI,UCSC
8,8p21.2,NCI,UCSC
8,8p21.3,NCI,UCSC
8,8p22,NCI,UCSC
8,8p22-p11,NCI,
8,8p22-p21,NCI,
8,8p22-p21.3,NCI,
8,8p22-q11,NCI,
8,8p23-p22,NCI,
8,8p23.1,NCI,UCSC
8,8p23.1-p21.3,NCI,
8,8p23.2,,UCSC
8,8p23.2-p23.1,NCI,
8,8p23.3,,UCSC
8,8q11,NCI,
8,8q11-q12,NCI,
8,8q11.1,,UCSC
8,8q11.2,NCI,
8,8q11.21,,UCSC
8,8q11.22,,UCSC
8,8q11.23,,UCSC
8,8q12-q13,NCI,
8,8q12.1,,UCSC
8,8q12.2,,UCSC
8,8q12.3,,UCSC
8,8q13,NCI,
8,8q13-qter,NCI,
8,8q13.1,NCI,UCSC
8,8q13.2,,UCSC
8,8q13.3,,UCSC
8,8q21,NCI,
8,8q21-q22,NCI,
8,8q21-q24,NCI,
8,8q21.11,,UCSC
8,8q21.12,NCI,UCSC
8,8q21.13,NCI,UCSC
8,8q21.2,,UCSC
8,8q21.3,,UCSC
8,8q21.3-q22,NCI,
8,8q22,NCI,
8,8q22-q23,NCI,
8,8q22.1,NCI,UCSC
8,8q22.2,,UCSC
8,8q22.3,,UCSC
8,8q22.3-q23,NCI,
8,8q22.3-q23.1,NCI,
8,8q23.1,,UCSC
8,8q23.2,,UCSC
8,8q23.3,,UCSC
8,8q24,NCI,
8,8q24-qter,NCI,
8,8q24.1,NCI,
8,8q24.1-q24.3,NCI,
8,8q24.11,,UCSC
8,8q24.11-q24.13,NCI,
8,8q24.12,NCI,UCSC
8,8q24.12-q24.13,NCI,
8,8q24.13,,UCSC
8,8q24.2,NCI,
8,8q24.2-q24.3,NCI,
8,8q24.21,,UCSC
8,8q24.22,,UCSC
8,8q24.23,,UCSC
8,8q24.3,NCI,UCSC
9,9p11.1,,UCSC
9,9p11.2,NCI,UCSC
9,9p12,NCI,UCSC
9,9p12-p11,NCI,
9,9p13,NCI,
9,9p13-p12,NCI,
9,9p13.1,,UCSC
9,9p13.2,,UCSC
9,9p13.3,,UCSC
9,9p21,NCI,
9,9p21-p12,NCI,
9,9p21-p22,NCI,
9,9p21.1,,UCSC
9,9p21.2,NCI,UCSC
9,9p21.3,NCI,UCSC
9,9p22,NCI,
9,9p22.1,,UCSC
9,9p22.2,NCI,UCSC
9,9p22.3,NCI,UCSC
9,9p23,NCI,UCSC
9,9p24,NCI,
9,9p24.1,NCI,UCSC
9,9p24.2,NCI,UCSC
9,9p24.3,,UCSC
9,9pter-p22.1,NCI,
9,9q11,,UCSC
9,9q12,,UCSC
9,9q13,NCI,UCSC
9,9q21,NCI,
9,9q21-q22,NCI,
9,9q21.11,NCI,UCSC
9,9q21.12,,UCSC
9,9q21.13,,UCSC
9,9q21.2,,UCSC
9,9q21.31,,UCSC
9,9q21.32,NCI,UCSC
9,9q21.33,,UCSC
9,9q22,NCI,
9,9q22.1,NCI,UCSC
9,9q22.2,,UCSC
9,9q22.3,NCI,
9,9q22.31,NCI,UCSC
9,9q22.32,NCI,UCSC
9,9q22.33,,UCSC
9,9q31,NCI,
9,9q31.1,NCI,UCSC
9,9q31.2,,UCSC
9,9q31.3,NCI,UCSC
9,9q31.3-q32,NCI,
9,9q32,NCI,UCSC
9,9q32-q33,NCI,
9,9q32-q33.3,NCI,
9,9q32-q34,NCI,
9,9q33,NCI,
9,9q33-q34,NCI,
9,9q33-q34.1,NCI,
9,9q33.1,,UCSC
9,9q33.2,,UCSC
9,9q33.3,NCI,UCSC
9,9q34,NCI,
9,9q34.1,NCI,
9,9q34.11,NCI,UCSC
9,9q34.12,,UCSC
9,9q34.13,NCI,UCSC
9,9q34.2,,UCSC
9,9q34.3,NCI,UCSC
X,Xp11.1,,UCSC
X,Xp11.2,NCI,
X,Xp11.2-p11.4,NCI,
X,Xp11.21,,UCSC
X,Xp11.21-p11.22,NCI,
X,Xp11.22,NCI,UCSC
X,Xp11.22-p11.21,NCI,
X,Xp11.23,NCI,UCSC
X,Xp11.3,NCI,UCSC
X,Xp11.3-p11.23,NCI,
X,Xp11.4,,UCSC
X,Xp11.4-p11.2,NCI,
X,Xp11.4-p11.21,NCI,
X,Xp21.1,,UCSC
X,Xp21.2,,UCSC
X,Xp21.3,,UCSC
X,Xp22,NCI,
X,Xp22.1,NCI,
X,Xp22.11,,UCSC
X,Xp22.12,,UCSC
X,Xp22.13,,UCSC
X,Xp22.2,NCI,UCSC
X,Xp22.2-22.1,NCI,
X,Xp22.3,NCI,
X,Xp22.31,,UCSC
X,Xp22.32,NCI,UCSC
X,Xp22.33,NCI,UCSC
X,Xpter-p22.32,NCI,
X,Xq11-q13,NCI,
X,Xq11.1,NCI,UCSC
X,Xq11.2,,UCSC
X,Xq11.2-q12,NCI,
X,Xq12,NCI,UCSC
X,Xq13,NCI,
X,Xq13.1,NCI,UCSC
X,Xq13.1-q13.3,NCI,
X,Xq13.2,NCI,UCSC
X,Xq13.3,,UCSC
X,Xq21.1,,UCSC
X,Xq21.2,,UCSC
X,Xq21.31,,UCSC
X,Xq21.32,,UCSC
X,Xq21.33,,UCSC
X,Xq21.33-q23,NCI,
X,Xq22,NCI,
X,Xq22-24,NCI,
X,Xq22-q23,NCI,
X,Xq22.1,NCI,UCSC
X,Xq22.2,NCI,UCSC
X,Xq22.3,NCI,UCSC
X,Xq23,,UCSC
X,Xq24,NCI,UCSC
X,Xq24-q26,NCI,
X,Xq25,NCI,UCSC
X,Xq25-q26,NCI,
X,Xq26,NCI,
X,Xq26-q28,NCI,
X,Xq26.1,NCI,UCSC
X,Xq26.2,NCI,UCSC
X,Xq26.3,,UCSC
X,Xq26.3-q27.1,NCI,
X,Xq27,NCI,
X,Xq27.1,NCI,UCSC
X,Xq27.1-q27.2,NCI,
X,Xq27.2,,UCSC
X,Xq27.3,NCI,UCSC
X,Xq28,NCI,UCSC
Y,Yp11.1,,UCSC
Y,Yp11.1-q11.1,NCI,
Y,Yp11.2,NCI,UCSC
Y,Yp11.3,NCI,
Y,Yp11.31,,UCSC
Y,Yp11.32,,UCSC
Y,Yq11.1,,UCSC
Y,Yq11.21,,UCSC
Y,Yq11.221,,UCSC
Y,Yq11.222,,UCSC
Y,Yq11.223,,UCSC
Y,Yq11.23,,UCSC
Y,Yq12,,UCSC
